Albany, NY
Albuquerque-SF, NM
Bakersfield, CA
Baton Rouge, LA
Buffalo, NY
Charleston, WV
Chico, CA
Corpus Christi, TX
Dayton, OH
Des Moines, IA
Duluth, MN
El Paso, TX
Eugene, OR
Fargo, ND
Flint, MI
Ft. Myers-Naples, FL
Fresno, CA
Grand Rapids, MI
Green Bay, WI
Greensboro, NC
Harlingen, TX
Hartford, CT
Houston, TX
Indianapolis, IN
Jackson, MS
Jacksonville, FL
Knoxville, TN
Lafayette, LA
Lansing, MI
Laredo, TX
Las Vegas, NV
Lexington, KY
Little Rock, AR
Louisville, KY
Madison, WI
Medford/KF, OR
Mobile, AL
Montery-Salinas, CA
New Bedford, MA
New Orleans, LA
Norfolk/Portsmouth, VA
Oklahoma City, OK
Omaha, NE
Paducah, KY
Pensacola, FL
Portland, ME
Providence, RI
Raleigh-Durham, NC
Reno, NV
Richmond, VA
Roanoke, VA
Rochester, NY
Santa Barbara, CA
Savannah, GA
Shreveport, LA
South Bend, IN
Spokane, WA
Springfield, MA
Tallahassee, FL
Topeka, KN
Tucson, AZ
Tulsa, OK
Tyler, TX
Wichita, KN
Wilkes-Barre, PA
Wilmington, NC
Yakima, WA